{
  "risks_to_tenant": [
    {
      "risk": "Late Payment Penalties",
      "consideration": "A late fee of $10.00 per day will be charged for any payment not made within 10 days of the due date."
    },
    {
      "risk": "Security Deposit Withholding",
      "consideration": "The security deposit of $1,000 will be held in trust, administered according to North Carolina law."
    },
    {
      "risk": "Unfavorable Lease Renewal Terms",
      "consideration": "The lease automatically converts to month-to-month after the end date, which could lead to unfavorable terms."
    },
    {
      "risk": "Utility Payment Responsibility",
      "consideration": "The landlord is responsible for all utilities and services incurred in connection with the premises."
    },
    {
      "risk": "Unclear Maintenance Responsibilities",
      "consideration": "The tenant is responsible for maintaining the premises in good condition, but specifics are not detailed."
    },
    {
      "risk": "Prohibited Activities",
      "consideration": "Storing dangerous, flammable, or explosive materials is prohibited."
    },
    {
      "risk": "Restrictive Guest Policy",
      "consideration": "No more than 3 persons may reside on the premises without written consent from the landlord."
    },
    {
      "risk": "Ambiguous Alteration Policies",
      "consideration": "Not specified in the contract; thus, the risk remains ambiguous."
    },
    {
      "risk": "Unexpected Landlord Entry",
      "consideration": "Landlord must give reasonable notice before entering the premises."
    },
    {
      "risk": "Excessive Late Fees",
      "consideration": "Late fees are set at $10.00 per day, which some might consider excessive."
    },
    {
      "risk": "Eviction Due to Non-Payment",
      "consideration": "The tenant risks eviction if rent is not paid on time."
    },
    {
      "risk": "Unforeseen Rent Increases",
      "consideration": "No specific provisions for rent increases are mentioned after the first year."
    },
    {
      "risk": "Lack of Repairs",
      "consideration": "The landlord's responsibility for repairs is not explicitly stated."
    },
    {
      "risk": "Utility Overcharges",
      "consideration": "Landlord is responsible for utilities; thus, tenant should not incur overcharges."
    },
    {
      "risk": "Non-Refundable Fees",
      "consideration": "Not specified; thus, the risk remains ambiguous."
    },
    {
      "risk": "Sublease Restrictions",
      "consideration": "Tenant may not assign or sublease without written consent from the landlord."
    },
    {
      "risk": "Unfair Damage Claims",
      "consideration": "Not specified in the contract; thus, the risk remains ambiguous."
    },
    {
      "risk": "Liability for Common Area Issues",
      "consideration": "Not applicable as this is a single-family home with no common areas mentioned."
    },
    {
      "risk": "Inadequate Renter’s Insurance",
      "consideration": "Not specified; thus, the risk remains ambiguous."
    },
    {
      "risk": "Noise or Nuisance Complaints",
      "consideration": "Not specified; thus, the risk remains ambiguous."
    },
    {
      "risk": "Pest Control Responsibilities",
      "consideration": "Not specified in the contract; thus, the risk remains ambiguous."
    },
    {
      "risk": "Violation of Pet Policy",
      "consideration": "Not specified in the contract; thus, the risk remains ambiguous."
    },
    {
      "risk": "Overlooked Lease Clauses",
      "consideration": "Tenant must carefully review the lease, as overlooking clauses could lead to issues."
    },
    {
      "risk": "Insufficient Notice for Lease Termination",
      "consideration": "Tenant must provide 60 days' notice to terminate the lease."
    },
    {
      "risk": "Health or Safety Risks Due to Neglect",
      "consideration": "Landlord's responsibility for repairs is not specified, which could lead to neglect."
    },
    {
      "risk": "Parking Issues",
      "consideration": "A single-car garage and private driveway are provided, but no fees are specified."
    },
    {
      "risk": "Hidden Fees",
      "consideration": "Not specified; thus, the risk remains ambiguous."
    },
    {
      "risk": "Inadequate Lease Duration",
      "consideration": "The lease duration is one year, with an automatic month-to-month thereafter."
    },
    {
      "risk": "Property Being Sold",
      "consideration": "Not specified; thus, the risk remains ambiguous."
    },
    {
      "risk": "Unclear Emergency Procedures",
      "consideration": "Not specified; thus, the risk remains ambiguous."
    },
    {
      "risk": "Ambiguity Around Noise Ordinances",
      "consideration": "Not specified; thus, the risk remains ambiguous."
    },
    {
      "risk": "Shared Amenities",
      "consideration": "Not applicable as this is a single-family home."
    },
    {
      "risk": "Non-Disclosure of Property Defects",
      "consideration": "Landlord is not explicitly required to disclose defects."
    },
    {
      "risk": "Environmental Hazards",
      "consideration": "Not specified; thus, the risk remains ambiguous."
    },
    {
      "risk": "Lack of Pet-Friendly Areas",
      "consideration": "Not specified; thus, the risk remains ambiguous."
    },
    {
      "risk": "Unclear Access to Shared Facilities",
      "consideration": "Not applicable as this is a single-family home."
    },
    {
      "risk": "No Early Termination Options",
      "consideration": "There is a provision for early termination with 60 days' notice and a fee."
    },
    {
      "risk": "Inconsistent Rent Payment Methods",
      "consideration": "Several methods are provided for rent payment, which should reduce confusion."
    },
    {
      "risk": "Lack of Rent Payment Receipts",
      "consideration": "Not specified; thus, the risk remains ambiguous."
    },
    {
      "risk": "Substandard Property Condition at Move-In",
      "consideration": "Initial condition of the property at move-in is not detailed."
    },
    {
      "risk": "No Cap on Rent Increases",
      "consideration": "No cap specified for rent increases after the first lease term."
    },
    {
      "risk": "Undisclosed Property Renovations",
      "consideration": "Not specified; thus, the risk remains ambiguous."
    },
    {
      "risk": "Failure to Disclose Property Boundaries",
      "consideration": "Not specified; thus, the risk remains ambiguous."
    },
    {
      "risk": "Noise from Construction or Renovations",
      "consideration": "Not specified; thus, the risk remains ambiguous."
    },
    {
      "risk": "Lack of Local Law Compliance",
      "consideration": "The lease is governed by North Carolina law."
    },
    {
      "risk": "Unclear or Missing Rent Increase Cap",
      "consideration": "No cap specified for rent increases after the first lease term."
    },
    {
      "risk": "Unclear Policies for Breaking the Lease Early",
      "consideration": "The process for breaking the lease is outlined, but may not be clear for all circumstances."
    },
    {
      "risk": "Unannounced Renovations",
      "consideration": "Not specified; thus, the risk remains ambiguous."
    },
    {
      "risk": "Poor Communication Channels",
      "consideration": "Not specified; thus, the risk remains ambiguous."
    },
    {
      "risk": "Non-Disclosure of Nearby Developments",
      "consideration": "Not specified; thus, the risk remains ambiguous."
    },
    {
      "risk": "Inconsistent Enforcement of Lease Terms",
      "consideration": "Not specified; thus, the risk remains ambiguous."
    },
    {
      "risk": "Risk of Utility Shutoff",
      "consideration": "Utilities are the landlord's responsibility, thus the risk is low."
    },
    {
      "risk": "Limited Access to Common Areas",
      "consideration": "Not applicable as this is a single-family home."
    },
    {
      "risk": "No Guarantee of Amenities",
      "consideration": "Not specified; thus, the risk remains ambiguous."
    },
    {
      "risk": "Increased Responsibility for Repairs",
      "consideration": "The tenant is responsible for repairs as specified in the contract."
    },
    {
      "risk": "Unclear Terms for Lease Extension",
      "consideration": "Not specified; thus, the risk remains ambiguous."
    },
    {
      "risk": "Unclear Move-Out Requirements",
      "consideration": "Move-out procedures are not detailed; this could lead to disputes."
    },
    {
      "risk": "Eviction for Minor Violations",
      "consideration": "Not specified; thus, the risk remains ambiguous."
    },
    {
      "risk": "Unfair Clause Waivers",
      "consideration": "Not specified; thus, the risk remains ambiguous."
    },
    {
      "risk": "Vague Policies on Property Alterations",
      "consideration": "Not specified; thus, the risk remains ambiguous."
    },
    {
      "risk": "Inadequate Safety Measures",
      "consideration": "Smoke detectors are required, indicating some safety measures are in place."
    },
    {
      "risk": "Unclear Pet Policy Updates",
      "consideration": "Not specified; thus, the risk remains ambiguous."
    },
    {
      "risk": "Landlord’s Right to Sell the Property",
      "consideration": "Not specified; thus, the risk remains ambiguous."
    },
    {
      "risk": "Unclear Policy for Lost or Damaged Keys",
      "consideration": "A fee of $25 is specified for unreturned keys."
    },
    {
      "risk": "Risk of Rent Control Violation",
      "consideration": "The lease is governed by North Carolina law, which may include rent control stipulations."
    },
    {
      "risk": "No Clear Pest Control Responsibility",
      "consideration": "Not specified; thus, the risk remains ambiguous."
    },
    {
      "risk": "Unfair Early Termination Fees",
      "consideration": "A fee of $1,500 is required for early termination, which may be considered unfair."
    },
    {
      "risk": "Unclear Terms on Storage Use",
      "consideration": "Not specified; thus, the risk remains ambiguous."
    },
    {
      "risk": "No Defined Protocol for Property Inspections",
      "consideration": "Not specified; thus, the risk remains ambiguous."
    },
    {
      "risk": "Vague Rules for Visitors or Short-Term Rentals",
      "consideration": "Not specified; thus, the risk remains ambiguous."
    },
    {
      "risk": "Unclear Move-In Inspection Process",
      "consideration": "Not specified; thus, the risk remains ambiguous."
    },
    {
      "risk": "Penalty for Unauthorized Vehicle Parking",
      "consideration": "Not specified; thus, the risk remains ambiguous."
    },
    {
      "risk": "Unclear Landscaping Responsibilities",
      "consideration": "Not specified; thus, the risk remains ambiguous."
    },
    {
      "risk": "Absence of a Right to Sublease",
      "consideration": "Tenant may not assign or sublease without written consent from the landlord."
    },
    {
      "risk": "Ambiguity Around Rent Discounts",
      "consideration": "Not specified; thus, the risk remains ambiguous."
    },
    {
      "risk": "Limited Access to Outdoor Spaces",
      "consideration": "Not specified; thus, the risk remains ambiguous."
    },
    {
      "risk": "Increased Insurance Requirements",
      "consideration": "Renter's insurance requirement is specified."
    },
    {
      "risk": "Failure to Reimburse Utility Overcharges",
      "consideration": "Not specified; thus, the risk remains ambiguous."
    },
    {
      "risk": "Unclear Tenant Relocation Rights",
      "consideration": "Not specified; thus, the risk remains ambiguous."
    },
    {
      "risk": "No Right to Quiet Enjoyment",
      "consideration": "Not specified; thus, the risk remains ambiguous."
    },
    {
      "risk": "Unclear Smoking Policy",
      "consideration": "Smoking is not permitted inside the leased premises."
    },
    {
      "risk": "Unfair Lockout Clauses",
      "consideration": "Not specified; thus, the risk remains ambiguous."
    },
    {
      "risk": "Restricted Pet Access",
      "consideration": "Not specified; thus, the risk remains ambiguous."
    },
    {
      "risk": "Unclear Rent Proration",
      "consideration": "Not specified; thus, the risk remains ambiguous."
    },
    {
      "risk": "Ambiguous Rules on Business Activities",
      "consideration": "Not specified; thus, the risk remains ambiguous."
    }
  ]
}

