{
  "risks_to_tenant": [
    {
      "risk": "Late Payment Penalties",
      "description": "Risk related to late payment penalties."
    },
    {
      "risk": "Security Deposit Withholding",
      "description": "Risk related to security deposit withholding."
    },
    {
      "risk": "Unfavorable Lease Renewal Terms",
      "description": "Risk related to unfavorable lease renewal terms."
    },
    {
      "risk": "Utility Payment Responsibility",
      "description": "Risk related to utility payment responsibility."
    },
    {
      "risk": "Unclear Maintenance Responsibilities",
      "description": "Risk related to unclear maintenance responsibilities."
    },
    {
      "risk": "Prohibited Activities",
      "description": "Risk related to prohibited activities."
    },
    {
      "risk": "Restrictive Guest Policy",
      "description": "Risk related to restrictive guest policy."
    },
    {
      "risk": "Ambiguous Alteration Policies",
      "description": "Risk related to ambiguous alteration policies."
    },
    {
      "risk": "Unexpected Landlord Entry",
      "description": "Risk related to unexpected landlord entry."
    },
    {
      "risk": "Excessive Late Fees",
      "description": "Risk related to excessive late fees."
    },
    {
      "risk": "Eviction Due to Non-Payment",
      "description": "Risk related to eviction due to non-payment."
    },
    {
      "risk": "Unforeseen Rent Increases",
      "description": "Risk related to unforeseen rent increases."
    },
    {
      "risk": "Lack of Repairs",
      "description": "Risk related to lack of repairs."
    },
    {
      "risk": "Utility Overcharges",
      "description": "Risk related to utility overcharges."
    },
    {
      "risk": "Non-Refundable Fees",
      "description": "Risk related to non-refundable fees."
    },
    {
      "risk": "Sublease Restrictions",
      "description": "Risk related to sublease restrictions."
    },
    {
      "risk": "Unfair Damage Claims",
      "description": "Risk related to unfair damage claims."
    },
    {
      "risk": "Liability for Common Area Issues",
      "description": "Risk related to liability for common area issues."
    },
    {
      "risk": "Inadequate Renter’s Insurance",
      "description": "Risk related to inadequate renter’s insurance."
    },
    {
      "risk": "Noise or Nuisance Complaints",
      "description": "Risk related to noise or nuisance complaints."
    },
    {
      "risk": "Pest Control Responsibilities",
      "description": "Risk related to pest control responsibilities."
    },
    {
      "risk": "Violation of Pet Policy",
      "description": "Risk related to violation of pet policy."
    },
    {
      "risk": "Overlooked Lease Clauses",
      "description": "Risk related to overlooked lease clauses."
    },
    {
      "risk": "Insufficient Notice for Lease Termination",
      "description": "Risk related to insufficient notice for lease termination."
    },
    {
      "risk": "Health or Safety Risks Due to Neglect",
      "description": "Risk related to health or safety risks due to neglect."
    },
    {
      "risk": "Parking Issues",
      "description": "Risk related to parking issues."
    },
    {
      "risk": "Hidden Fees",
      "description": "Risk related to hidden fees."
    },
    {
      "risk": "Inadequate Lease Duration",
      "description": "Risk related to inadequate lease duration."
    },
    {
      "risk": "Property Being Sold",
      "description": "Risk related to property being sold."
    },
    {
      "risk": "Unclear Emergency Procedures",
      "description": "Risk related to unclear emergency procedures."
    },
    {
      "risk": "Ambiguity Around Noise Ordinances",
      "description": "Risk related to ambiguity around noise ordinances."
    },
    {
      "risk": "Shared Amenities",
      "description": "Risk related to shared amenities."
    },
    {
      "risk": "Non-Disclosure of Property Defects",
      "description": "Risk related to non-disclosure of property defects."
    },
    {
      "risk": "Environmental Hazards",
      "description": "Risk related to environmental hazards."
    },
    {
      "risk": "Lack of Pet-Friendly Areas",
      "description": "Risk related to lack of pet-friendly areas."
    },
    {
      "risk": "Unclear Access to Shared Facilities",
      "description": "Risk related to unclear access to shared facilities."
    },
    {
      "risk": "No Early Termination Options",
      "description": "Risk related to no early termination options."
    },
    {
      "risk": "Inconsistent Rent Payment Methods",
      "description": "Risk related to inconsistent rent payment methods."
    },
    {
      "risk": "Lack of Rent Payment Receipts",
      "description": "Risk related to lack of rent payment receipts."
    },
    {
      "risk": "Substandard Property Condition at Move-In",
      "description": "Risk related to substandard property condition at move-in."
    },
    {
      "risk": "No Cap on Rent Increases",
      "description": "Risk related to no cap on rent increases."
    },
    {
      "risk": "Undisclosed Property Renovations",
      "description": "Risk related to undisclosed property renovations."
    },
    {
      "risk": "Failure to Disclose Property Boundaries",
      "description": "Risk related to failure to disclose property boundaries."
    },
    {
      "risk": "Noise from Construction or Renovations",
      "description": "Risk related to noise from construction or renovations."
    },
    {
      "risk": "Lack of Local Law Compliance",
      "description": "Risk related to lack of local law compliance."
    },
    {
      "risk": "Unclear or Missing Rent Increase Cap",
      "description": "Risk related to unclear or missing rent increase cap."
    },
    {
      "risk": "Unclear Policies for Breaking the Lease Early",
      "description": "Risk related to unclear policies for breaking the lease early."
    },
    {
      "risk": "Unannounced Renovations",
      "description": "Risk related to unannounced renovations."
    }
  ]
}

