{
  "risks_to_landlord": [
    {
      "risk": "Late Rent Payment",
      "description": "Risk of tenants not paying rent on time, causing cash flow disruptions."
    },
    {
      "risk": "Property Damage",
      "description": "Risk of damage to the property caused by tenants or their guests."
    },
    {
      "risk": "Unauthorized Subleasing",
      "description": "Tenants subletting the property without permission, increasing liability risks."
    },
    {
      "risk": "Illegal Activities",
      "description": "Tenants using the property for illegal activities, exposing the landlord to legal issues."
    },
    {
      "risk": "Failure to Vacate on Time",
      "description": "Risk of tenants not vacating the property at the end of the lease, causing delays for new tenants."
    },
    {
      "risk": "Non-Payment of Utilities",
      "description": "Tenants failing to pay their share of utilities, leading to disputes and financial loss."
    },
    {
      "risk": "Tenant Damage to Common Areas",
      "description": "Tenants causing damage to common areas shared with other tenants, resulting in costly repairs."
    },
    {
      "risk": "Pets Causing Damage",
      "description": "Damage to the property caused by pets, especially when pet-related clauses are violated."
    },
    {
      "risk": "Noise Complaints from Neighbors",
      "description": "Risk of tenant noise disturbing neighbors, potentially leading to legal action or fines."
    },
    {
      "risk": "Unauthorized Guest Stays",
      "description": "Tenants hosting long-term guests without permission, increasing wear and tear."
    },
    {
      "risk": "Tenant Hosting Unauthorized Events",
      "description": "Tenants hosting large events or parties without permission, increasing liability for damages."
    },
    {
      "risk": "Unauthorized Business Activities",
      "description": "Tenants conducting business activities from the property in violation of lease terms."
    },
    {
      "risk": "Property Left in Poor Condition",
      "description": "Risk of tenants leaving the property in poor condition at move-out, requiring extensive cleaning or repairs."
    },
    {
      "risk": "Unauthorized Alterations",
      "description": "Tenants making changes to the property without landlord’s approval."
    },
    {
      "risk": "Legal Issues from Rent Control Violation",
      "description": "Risk of violating local rent control laws, leading to legal consequences."
    },
    {
      "risk": "Failure to Return Keys",
      "description": "Tenants not returning keys at the end of the lease, resulting in security and cost issues."
    },
    {
      "risk": "Refusal to Allow Access for Repairs",
      "description": "Tenants refusing to allow access for necessary repairs, leading to legal or safety issues."
    },
    {
      "risk": "Insurance Gaps",
      "description": "Risk of not having sufficient insurance to cover property damage or liability."
    },
    {
      "risk": "Pest Infestation",
      "description": "Pest control issues not addressed by tenants, leading to larger infestations."
    },
    {
      "risk": "Environmental Hazards",
      "description": "Risk of tenant exposure to environmental hazards like lead, mold, or asbestos."
    },
    {
      "risk": "Overdue Maintenance Costs",
      "description": "Unexpectedly high maintenance costs due to delayed reporting of issues by tenants."
    },
    {
      "risk": "Failure to Secure Renter's Insurance",
      "description": "Tenants failing to acquire required renter's insurance, exposing the landlord to liability."
    },
    {
      "risk": "Unclear Terms for Lease Renewal",
      "description": "Risk of not having clearly defined terms for lease renewal, causing confusion or disputes."
    },
    {
      "risk": "Eviction Proceedings",
      "description": "Legal and financial risks associated with evicting a tenant."
    },
    {
      "risk": "Tenant Bankruptcy",
      "description": "Risk of tenant declaring bankruptcy and disrupting rental payments."
    },
    {
      "risk": "Unlawful Eviction Claim",
      "description": "Tenant accusing landlord of unlawful eviction, leading to legal disputes."
    },
    {
      "risk": "Unauthorized Satellite Dish Installation",
      "description": "Tenants installing satellite dishes without landlord approval, causing damage or aesthetic issues."
    },
    {
      "risk": "Unauthorized Subletting via Airbnb",
      "description": "Tenants subletting the property through Airbnb or similar platforms without permission."
    },
    {
      "risk": "Delayed Security Deposit Return",
      "description": "Disputes arising from delays in returning the tenant’s security deposit after move-out."
    },
    {
      "risk": "Failure to Conduct Inspections",
      "description": "Failure to conduct regular property inspections leading to unnoticed damage or deterioration."
    },
    {
      "risk": "Tenant Refusing Lease Termination",
      "description": "Tenants refusing to vacate even after the landlord properly terminates the lease."
    },
    {
      "risk": "Eviction Costs",
      "description": "High legal and administrative costs associated with evicting tenants."
    },
    {
      "risk": "Smoking Violations",
      "description": "Tenants smoking in prohibited areas, violating lease terms and causing property damage."
    },
    {
      "risk": "Unauthorized Long-Term Guests",
      "description": "Tenants allowing long-term guests to live in the property without the landlord’s knowledge."
    },
    {
      "risk": "Tenant Overcrowding",
      "description": "Risk of tenants allowing more people to live in the property than agreed upon, increasing wear and tear."
    },
    {
      "risk": "Non-Disclosure of Environmental Hazards",
      "description": "Failure to disclose hazards like asbestos or mold, leading to potential health risks and legal issues."
    },
    {
      "risk": "Non-Payment of Late Fees",
      "description": "Risk of tenants refusing to pay late fees when rent is paid after the due date."
    },
    {
      "risk": "Tenant Refusing to Pay for Damages",
      "description": "Tenants refusing to pay for property damages caused by negligence or unauthorized activities."
    },
    {
      "risk": "Tenant Injuries on Property",
      "description": "Liability risk from tenant injuries due to unsafe conditions on the property."
    },
    {
      "risk": "Utility Bill Disputes",
      "description": "Disputes over utility bills when submetering or utility fees are not clearly defined."
    },
    {
      "risk": "Unauthorized Alteration of Property Boundaries",
      "description": "Tenants modifying or expanding the property boundary, leading to disputes with neighbors."
    },
    {
      "risk": "Failure to Maintain Gutters",
      "description": "Tenants neglecting the cleaning of gutters, leading to water damage or leaks."
    },
    {
      "risk": "Refusal to Relocate During Renovations",
      "description": "Tenants refusing to temporarily relocate during major renovations."
    },
    {
      "risk": "Overuse of Utility Services",
      "description": "Excessive use of utilities by tenants, leading to high bills and disputes over payment responsibilities."
    },
    {
      "risk": "Non-Disclosure of Structural Issues",
      "description": "Landlord failing to disclose known structural issues, leading to tenant dissatisfaction or legal issues."
    },
    {
      "risk": "Failure to Adhere to Fire Codes",
      "description": "Tenants engaging in activities that violate local fire codes, creating safety risks."
    },
    {
      "risk": "Confusion Over Subleasing Rights",
      "description": "Disputes arising from unclear subleasing rules in the lease agreement."
    },
    {
      "risk": "Inconsistent Lease Enforcement",
      "description": "Inconsistent enforcement of lease terms, leading to confusion or legal disputes."
    },
    {
      "risk": "Failure to Enforce Noise Restrictions",
      "description": "Risk of not enforcing quiet hours or noise restrictions, leading to tenant complaints and disputes."
    },
    {
      "risk": "Unclear Pet Policy",
      "description": "Disputes over pet-related rules such as breed or weight restrictions, leading to evictions or fines."
    },
    {
      "risk": "Non-Refundable Pet Fees",
      "description": "Disputes over non-refundable pet fees not clearly outlined in the lease."
    },
    {
      "risk": "Failure to Provide Parking",
      "description": "Disputes arising from lack of clearly defined parking spaces or parking fees."
    },
    {
      "risk": "Unauthorized Lock Changes",
      "description": "Tenants changing locks without approval, causing security and access issues."
    },
    {
      "risk": "Tenant Bankruptcy",
      "description": "Risk of tenant declaring bankruptcy and disrupting rental payments."
    },
    {
      "risk": "Tenant Refusing to Renew Lease",
      "description": "Risk of tenants not renewing the lease, leading to unexpected vacancies."
    },
    {
      "risk": "Pest Infestation",
      "description": "Pest control issues not addressed by tenants, leading to larger infestations."
    },
    {
      "risk": "Failure to Report Leaks or Water Damage",
      "description": "Tenants failing to report leaks or water damage, leading to costly repairs."
    },
    {
      "risk": "Excessive Wear and Tear",
      "description": "Wear and tear on property that exceeds normal use, leading to higher repair costs."
    },
    {
      "risk": "Failure to Provide Maintenance Verification",
      "description": "Disputes over who is responsible for maintaining or repairing provided appliances."
    },
    {
      "risk": "Unclear Trash Disposal Guidelines",
      "description": "Confusion over proper trash disposal methods, leading to fines or property sanitation issues."
    },
    {
      "risk": "Failure to Properly Dispose of Hazardous Waste",
      "description": "Tenants improperly disposing of hazardous materials, leading to environmental or legal issues."
    },
    {
      "risk": "Unauthorized Storage in Common Areas",
      "description": "Tenants storing personal belongings in common areas without permission, leading to safety hazards or disputes."
    },
    {
      "risk": "Unauthorized Roommate Additions",
      "description": "Tenants adding roommates without notifying the landlord, leading to overcrowding or lease violations."
    },
    {
      "risk": "High Turnover Rate",
      "description": "Frequent tenant turnover leading to increased vacancy periods and lost income."
    },
    {
      "risk": "Violation of HOA Rules",
      "description": "Tenant violating homeowner association rules, resulting in fines or legal action."
    },
    {
      "risk": "Unauthorized Installation of EV Charging Stations",
      "description": "Tenants installing electric vehicle charging stations without permission, causing electrical and safety concerns."
    },
    {
      "risk": "Smoking Violations Indoors",
      "description": "Tenants smoking indoors despite a no-smoking policy, leading to property damage and health risks."
    },
    {
      "risk": "Unauthorized Use of Pool Equipment",
      "description": "Tenants tampering with pool equipment or using it unsafely, leading to damage or injury."
    },
    {
      "risk": "Unauthorized Alterations to Fencing",
      "description": "Tenants modifying or installing fencing without permission, leading to property disputes or damage."
    },
    {
      "risk": "Vague Terms for Lease Termination",
      "description": "Confusion over how and when the lease can be terminated, leading to disputes or legal action."
    },
    {
      "risk": "Tenant Violating Pool Rules",
      "description": "Tenants violating pool usage rules, leading to safety concerns or complaints."
    },
    {
      "risk": "Failure to Secure Outdoor Equipment",
      "description": "Tenants failing to secure outdoor equipment, leading to property damage during storms or accidents."
    },
    {
      "risk": "Unapproved Vehicle Storage on Property",
      "description": "Tenants storing unused or non-operational vehicles on the property without permission."
    },
    {
      "risk": "Unauthorized Tree Planting or Removal",
      "description": "Tenants planting or removing trees on the property without landlord approval, leading to damage or aesthetic issues."
    },
    {
      "risk": "Unauthorized Use of Power Outlets",
      "description": "Tenants using outdoor power outlets for unapproved purposes, leading to high electricity costs or safety risks."
    },
    {
      "risk": "Failure to Follow Septic System Guidelines",
      "description": "Tenants misusing the septic system, leading to environmental issues or costly repairs."
    },
    {
      "risk": "Unapproved Landscaping Projects",
      "description": "Tenants making landscaping changes without approval, leading to property damage."
    },
    {
      "risk": "Failure to Maintain HVAC System",
      "description": "Tenants neglecting to maintain the HVAC system, leading to higher repair costs."
    },
    {
      "risk": "Failure to Adhere to Recycling Rules",
      "description": "Tenants not following proper recycling procedures, leading to fines or waste management issues."
    },
    {
      "risk": "Non-Disclosure of Nearby Hazards",
      "description": "Disputes arising when tenants are not informed of potential hazards (e.g., construction, pollution) near the property."
    },
    {
      "risk": "Unapproved Home-Based Business",
      "description": "Tenants running a business from the property without permission, violating lease terms."
    },
    {
      "risk": "Unauthorized Home Renovations",
      "description": "Tenants renovating the home without approval, leading to damage or code violations."
    },
    {
      "risk": "Failure to Comply with Noise Ordinances",
      "description": "Tenants violating local noise ordinances, leading to complaints or fines."
    }
  ]
}
