{
    "risks_to_tenant": [
        {
        "risk": "Late Payment Penalties",
        "description": "Risk of incurring penalties for late rent payments."
        },
        {
        "risk": "Security Deposit Withholding",
        "description": "Risk of losing part or all of the security deposit."
        },
        {
        "risk": "Unfavorable Lease Renewal Terms",
        "description": "Automatic lease renewal under unfavorable terms."
        },
        {
        "risk": "Utility Payment Responsibility",
        "description": "Being held responsible for paying unclear utilities."
        },
        {
        "risk": "Unclear Maintenance Responsibilities",
        "description": "Ambiguity around tenant maintenance duties."
        },
        {
        "risk": "Prohibited Activities",
        "description": "Risk of violating lease terms related to property use."
        },
        {
        "risk": "Restrictive Guest Policy",
        "description": "Penalties for exceeding guest limits."
        },
        {
        "risk": "Ambiguous Alteration Policies",
        "description": "Risk of unauthorized alterations, leading to penalties."
        },
        {
        "risk": "Unexpected Landlord Entry",
        "description": "Landlord entering without notice, violating privacy."
        },
        {
        "risk": "Excessive Late Fees",
        "description": "Unreasonable penalties for late rent payments."
        },
        {
        "risk": "Eviction Due to Non-Payment",
        "description": "Risk of eviction if rent is not paid on time."
        },
        {
        "risk": "Unforeseen Rent Increases",
        "description": "Unexpected increases in rent during the lease term."
        },
        {
        "risk": "Lack of Repairs",
        "description": "Landlord fails to make timely repairs, affecting living conditions."
        },
        {
        "risk": "Utility Overcharges",
        "description": "Being charged for utilities that should be covered by the landlord."
        },
        {
        "risk": "Non-Refundable Fees",
        "description": "Being charged non-refundable fees for services or deposits."
        },
        {
        "risk": "Sublease Restrictions",
        "description": "Not being able to sublease the property when needed."
        },
        {
        "risk": "Unfair Damage Claims",
        "description": "Landlord claiming damage to property that was pre-existing."
        },
        {
        "risk": "Liability for Common Area Issues",
        "description": "Being held responsible for damages or issues in common areas."
        },
        {
        "risk": "Inadequate Renter’s Insurance",
        "description": "Risk of insufficient coverage for renter’s insurance."
        },
        {
        "risk": "Noise or Nuisance Complaints",
        "description": "Receiving complaints for noise or nuisance from neighbors."
        },
        {
        "risk": "Pest Control Responsibilities",
        "description": "Being held responsible for pest control without proper clauses in place."
        },
        {
        "risk": "Violation of Pet Policy",
        "description": "Risk of penalties or eviction due to violation of pet policies."
        },
        {
        "risk": "Overlooked Lease Clauses",
        "description": "Overlooking lease clauses that may lead to penalties or issues."
        },
        {
        "risk": "Insufficient Notice for Lease Termination",
        "description": "Risk of not being given enough notice for lease termination by the landlord."
        },
        {
        "risk": "Health or Safety Risks Due to Neglect",
        "description": "Living conditions becoming hazardous due to landlord neglect."
        },
        {
        "risk": "Parking Issues",
        "description": "Limited or unclear parking availability or fees for parking spaces."
        },
        {
        "risk": "Hidden Fees",
        "description": "Extra fees not outlined in the lease agreement, such as administrative or service fees."
        },
        {
        "risk": "Inadequate Lease Duration",
        "description": "Lease term being too short or too long, not aligning with the tenant’s plans."
        },
        {
        "risk": "Property Being Sold",
        "description": "Risk of property being sold mid-lease, which could lead to changes in terms or eviction."
        },
        {
        "risk": "Unclear Emergency Procedures",
        "description": "Lack of clear instructions on emergency procedures, such as fire escapes or emergency contacts."
        },
        {
        "risk": "Ambiguity Around Noise Ordinances",
        "description": "Lack of clarity on local noise ordinances, which could lead to fines or complaints."
        },
        {
        "risk": "Shared Amenities",
        "description": "Conflicts arising from shared amenities (e.g., laundry room, gym), unclear usage rules, or maintenance responsibility."
        },
        {
        "risk": "Non-Disclosure of Property Defects",
        "description": "Landlord failing to disclose known property defects (e.g., leaks, structural issues)."
        },
        {
        "risk": "Environmental Hazards",
        "description": "Potential exposure to hazards like lead paint, asbestos, or mold."
        },
        {
        "risk": "Lack of Pet-Friendly Areas",
        "description": "Absence of clear pet-friendly areas in the property, leading to issues if pets are allowed."
        },
        {
        "risk": "Unclear Access to Shared Facilities",
        "description": "Lack of clarity on how tenants can access shared facilities like gyms, laundry, or swimming pools."
        },
        {
        "risk": "No Early Termination Options",
        "description": "Absence of an early termination clause could leave tenants locked in a lease with no exit options."
        },
        {
        "risk": "Inconsistent Rent Payment Methods",
        "description": "Unclear or inconvenient payment methods leading to late payments or confusion."
        },
        {
        "risk": "Lack of Rent Payment Receipts",
        "description": "Not receiving proof of rent payments, which could cause disputes later."
        },
        {
        "risk": "Substandard Property Condition at Move-In",
        "description": "Property not meeting agreed-upon conditions at the time of move-in."
        },
        {
        "risk": "No Cap on Rent Increases",
        "description": "Unclear limits on how much the rent can increase over time."
        },
        {
        "risk": "Undisclosed Property Renovations",
        "description": "Landlord planning major renovations that will disrupt the tenant’s living conditions."
        },
        {
        "risk": "Failure to Disclose Property Boundaries",
        "description": "Unclear boundaries between shared or private property areas."
        },
        {
        "risk": "Noise from Construction or Renovations",
        "description": "Potential for noise disruptions from construction in the building or nearby properties."
        },
        {
        "risk": "Lack of Local Law Compliance",
        "description": "The lease failing to comply with local tenant protection laws, leading to potential legal risks."
        },
        {
        "risk": "Unclear or Missing Rent Increase Cap",
        "description": "No cap on how much the landlord can increase rent after the first lease term."
        },
        {
        "risk": "Unclear Policies for Breaking the Lease Early",
        "description": "Lack of clarity on the process and fees for breaking the lease early."
        },
        {
        "risk": "Unannounced Renovations",
        "description": "The landlord making significant changes to the property without notifying the tenant."
        },
        {
        "risk": "Poor Communication Channels",
        "description": "Lack of clear or accessible communication channels between landlord and tenant."
        },
        {
        "risk": "Non-Disclosure of Nearby Developments",
        "description": "Risk of noise or disruption from new construction or developments near the property."
        },
        {
        "risk": "Inconsistent Enforcement of Lease Terms",
        "description": "Landlord enforcing some lease terms more strictly than others, leading to confusion or unfair penalties."
        },
        {
        "risk": "Risk of Utility Shutoff",
        "description": "Utilities potentially being shut off if landlord fails to pay for shared services."
        },
        {
        "risk": "Limited Access to Common Areas",
        "description": "Restricted or unclear access to shared spaces like rooftop gardens or parking garages."
        },
        {
        "risk": "No Guarantee of Amenities",
        "description": "Promised amenities being unavailable due to unforeseen circumstances."
        },
        {
        "risk": "Increased Responsibility for Repairs",
        "description": "Tenant held responsible for repairs that are typically the landlord’s responsibility."
        },
        {
        "risk": "Unclear Terms for Lease Extension",
        "description": "Risk of not being offered a lease extension under the same or reasonable terms."
        },
        {
        "risk": "Unclear Move-Out Requirements",
        "description": "Vague move-out instructions, leading to disputes over cleaning or property condition."
        },
        {
        "risk": "Eviction for Minor Violations",
        "description": "Risk of eviction for minor or unclear violations of the lease agreement."
        },
        {
        "risk": "Unfair Clause Waivers",
        "description": "Tenant unknowingly waiving important rights (e.g., privacy or tenant protection laws)."
        },
        {
        "risk": "Vague Policies on Property Alterations",
        "description": "Unclear rules for making changes or improvements to the property, leading to penalties."
        },
        {
        "risk": "Inadequate Safety Measures",
        "description": "Lack of smoke detectors, fire exits, or other safety precautions in the property."
        },
        {
        "risk": "Unclear Pet Policy Updates",
        "description": "Changes to the pet policy after the tenant moves in, leading to additional fees or restrictions."
        },
        {
        "risk": "Landlord’s Right to Sell the Property",
        "description": "Risk of being asked to vacate early due to the landlord selling the property."
        },
        {
        "risk": "Unclear Policy for Lost or Damaged Keys",
        "description": "Vague or unreasonable charges for replacing lost or damaged keys."
        },
        {
        "risk": "Risk of Rent Control Violation",
        "description": "The lease not adhering to local rent control laws, leading to potential disputes."
        },
        {
        "risk": "No Clear Pest Control Responsibility",
        "description": "Unclear who is responsible for pest control and its costs."
        },
        {
        "risk": "Unfair Early Termination Fees",
        "description": "Unreasonably high penalties for terminating the lease early."
        },
        {
        "risk": "Unclear Terms on Storage Use",
        "description": "Risk of being held responsible for damage to storage units or shared storage areas."
        },
        {
        "risk": "No Defined Protocol for Property Inspections",
        "description": "No clear process for how and when property inspections will occur."
        },
        {
        "risk": "Vague Rules for Visitors or Short-Term Rentals",
        "description": "Unclear or unfair restrictions on visitors or the ability to sublease via platforms like Airbnb."
        },
        {
        "risk": "Unclear Move-In Inspection Process",
        "description": "Lack of formal move-in inspection leading to disputes over property condition later."
        },
        {
        "risk": "Penalty for Unauthorized Vehicle Parking",
        "description": "Tenant penalized for parking unauthorized vehicles on the premises."
        },
        {
        "risk": "Unclear Landscaping Responsibilities",
        "description": "Ambiguity around tenant responsibility for maintaining outdoor areas, such as gardens or lawns."
        },
        {
        "risk": "Absence of a Right to Sublease",
        "description": "No provisions allowing the tenant to sublease the unit under any circumstances."
        },
        {
        "risk": "Ambiguity Around Rent Discounts",
        "description": "Unclear conditions under which rent discounts (e.g., for early payment) are applied or revoked."
        },
        {
        "risk": "Limited Access to Outdoor Spaces",
        "description": "Restrictions on the tenant’s ability to use common outdoor spaces like patios or balconies."
        },
        {
        "risk": "Increased Insurance Requirements",
        "description": "Tenant is required to increase their renter’s insurance coverage mid-lease."
        },
        {
        "risk": "Failure to Reimburse Utility Overcharges",
        "description": "No recourse for the tenant if they are overcharged for utilities."
        },
        {
        "risk": "Unclear Tenant Relocation Rights",
        "description": "Tenant’s rights to be relocated within the building during renovations are unclear."
        },
        {
        "risk": "No Right to Quiet Enjoyment",
        "description": "The lease lacks a clause guaranteeing the tenant’s right to quiet enjoyment of the property."
        },
        {
        "risk": "Unclear Smoking Policy",
        "description": "Lack of clarity on smoking rules, leading to possible violations or fines."
        },
        {
        "risk": "Unfair Lockout Clauses",
        "description": "Risk of being locked out of the property due to minor infractions or misunderstandings."
        },
        {
        "risk": "Restricted Pet Access",
        "description": "Pets are allowed but restricted from certain areas (e.g., patios, shared spaces) without clear reasoning."
        },
        {
        "risk": "Unclear Rent Proration",
        "description": "Inadequate explanation of how rent will be prorated if the tenant moves in or out mid-month."
        },
        {
        "risk": "Ambiguous Rules on Business Activities",
        "description": "Unclear restrictions on running a business from the rental property."
        },
        {
        "risk": "Late Payment Penalties 2",
        "description": "Risk of incurring penalties for late rent payments."
        },
        {
        "risk": "Security Deposit Withholding 2",
        "description": "Risk of losing part or all of the security deposit."
        },
        {
        "risk": "Unfavorable Lease Renewal Terms 2",
        "description": "Automatic lease renewal under unfavorable terms."
        },
        {
        "risk": "Utility Payment Responsibility 2",
        "description": "Being held responsible for paying unclear utilities."
        },
        {
        "risk": "Unclear Maintenance Responsibilities 2",
        "description": "Ambiguity around tenant maintenance duties."
        },
        {
        "risk": "Prohibited Activities 2",
        "description": "Risk of violating lease terms related to property use."
        },
        {
        "risk": "Restrictive Guest Policy 2",
        "description": "Penalties for exceeding guest limits."
        },
        {
        "risk": "Ambiguous Alteration Policies 2",
        "description": "Risk of unauthorized alterations, leading to penalties."
        },
        {
        "risk": "Unexpected Landlord Entry 2",
        "description": "Landlord entering without notice, violating privacy."
        },
        {
        "risk": "Excessive Late Fees 2",
        "description": "Unreasonable penalties for late rent payments."
        },
        {
        "risk": "Eviction Due to Non-Payment 2",
        "description": "Risk of eviction if rent is not paid on time."
        },
        {
        "risk": "Unforeseen Rent Increases 2",
        "description": "Unexpected increases in rent during the lease term."
        },
        {
        "risk": "Lack of Repairs 2",
        "description": "Landlord fails to make timely repairs, affecting living conditions."
        },
        {
        "risk": "Utility Overcharges 2",
        "description": "Being charged for utilities that should be covered by the landlord."
        },
        {
        "risk": "Non-Refundable Fees 2",
        "description": "Being charged non-refundable fees for services or deposits."
        },
        {
        "risk": "Sublease Restrictions 2",
        "description": "Not being able to sublease the property when needed."
        },
        {
        "risk": "Unfair Damage Claims 2",
        "description": "Landlord claiming damage to property that was pre-existing."
        },
        {
        "risk": "Liability for Common Area Issues 2",
        "description": "Being held responsible for damages or issues in common areas."
        },
        {
        "risk": "Inadequate Renter’s Insurance 2",
        "description": "Risk of insufficient coverage for renter’s insurance."
        },
        {
        "risk": "Noise or Nuisance Complaints 2",
        "description": "Receiving complaints for noise or nuisance from neighbors."
        },
        {
        "risk": "Pest Control Responsibilities 2",
        "description": "Being held responsible for pest control without proper clauses in place."
        },
        {
        "risk": "Violation of Pet Policy 2",
        "description": "Risk of penalties or eviction due to violation of pet policies."
        },
        {
        "risk": "Overlooked Lease Clauses 2",
        "description": "Overlooking lease clauses that may lead to penalties or issues."
        },
        {
        "risk": "Insufficient Notice for Lease Termination 2",
        "description": "Risk of not being given enough notice for lease termination by the landlord."
        },
        {
        "risk": "Health or Safety Risks Due to Neglect 2",
        "description": "Living conditions becoming hazardous due to landlord neglect."
        },
        {
        "risk": "Parking Issues 2",
        "description": "Limited or unclear parking availability or fees for parking spaces."
        },
        {
        "risk": "Hidden Fees 2",
        "description": "Extra fees not outlined in the lease agreement, such as administrative or service fees."
        },
        {
        "risk": "Inadequate Lease Duration 2",
        "description": "Lease term being too short or too long, not aligning with the tenant’s plans."
        },
        {
        "risk": "Property Being Sold 2",
        "description": "Risk of property being sold mid-lease, which could lead to changes in terms or eviction."
        },
        {
        "risk": "Unclear Emergency Procedures 2",
        "description": "Lack of clear instructions on emergency procedures, such as fire escapes or emergency contacts."
        },
        {
        "risk": "Ambiguity Around Noise Ordinances 2",
        "description": "Lack of clarity on local noise ordinances, which could lead to fines or complaints."
        },
        {
        "risk": "Shared Amenities 2",
        "description": "Conflicts arising from shared amenities (e.g., laundry room, gym), unclear usage rules, or maintenance responsibility."
        },
        {
        "risk": "Non-Disclosure of Property Defects 2",
        "description": "Landlord failing to disclose known property defects (e.g., leaks, structural issues)."
        },
        {
        "risk": "Environmental Hazards 2",
        "description": "Potential exposure to hazards like lead paint, asbestos, or mold."
        },
        {
        "risk": "Lack of Pet-Friendly Areas 2",
        "description": "Absence of clear pet-friendly areas in the property, leading to issues if pets are allowed."
        },
        {
        "risk": "Unclear Access to Shared Facilities 2",
        "description": "Lack of clarity on how tenants can access shared facilities like gyms, laundry, or swimming pools."
        },
        {
        "risk": "No Early Termination Options 2",
        "description": "Absence of an early termination clause could leave tenants locked in a lease with no exit options."
        },
        {
        "risk": "Inconsistent Rent Payment Methods 2",
        "description": "Unclear or inconvenient payment methods leading to late payments or confusion."
        },
        {
        "risk": "Lack of Rent Payment Receipts 2",
        "description": "Not receiving proof of rent payments, which could cause disputes later."
        },
        {
        "risk": "Substandard Property Condition at Move-In 2",
        "description": "Property not meeting agreed-upon conditions at the time of move-in."
        },
        {
        "risk": "No Cap on Rent Increases 2",
        "description": "Unclear limits on how much the rent can increase over time."
        },
        {
        "risk": "Undisclosed Property Renovations 2",
        "description": "Landlord planning major renovations that will disrupt the tenant’s living conditions."
        },
        {
        "risk": "Failure to Disclose Property Boundaries 2",
        "description": "Unclear boundaries between shared or private property areas."
        },
        {
        "risk": "Noise from Construction or Renovations 2",
        "description": "Potential for noise disruptions from construction in the building or nearby properties."
        },
        {
        "risk": "Lack of Local Law Compliance 2",
        "description": "The lease failing to comply with local tenant protection laws, leading to potential legal risks."
        },
        {
        "risk": "Unclear or Missing Rent Increase Cap 2",
        "description": "No cap on how much the landlord can increase rent after the first lease term."
        },
        {
        "risk": "Unclear Policies for Breaking the Lease Early 2",
        "description": "Lack of clarity on the process and fees for breaking the lease early."
        },
        {
        "risk": "Unannounced Renovations 2",
        "description": "The landlord making significant changes to the property without notifying the tenant."
        },
        {
        "risk": "Poor Communication Channels 2",
        "description": "Lack of clear or accessible communication channels between landlord and tenant."
        },
        {
        "risk": "Non-Disclosure of Nearby Developments 2",
        "description": "Risk of noise or disruption from new construction or developments near the property."
        },
        {
        "risk": "Inconsistent Enforcement of Lease Terms 2",
        "description": "Landlord enforcing some lease terms more strictly than others, leading to confusion or unfair penalties."
        },
        {
        "risk": "Risk of Utility Shutoff 2",
        "description": "Utilities potentially being shut off if landlord fails to pay for shared services."
        },
        {
        "risk": "Limited Access to Common Areas 2",
        "description": "Restricted or unclear access to shared spaces like rooftop gardens or parking garages."
        },
        {
        "risk": "No Guarantee of Amenities 2",
        "description": "Promised amenities being unavailable due to unforeseen circumstances."
        },
        {
        "risk": "Increased Responsibility for Repairs 2",
        "description": "Tenant held responsible for repairs that are typically the landlord’s responsibility."
        },
        {
        "risk": "Unclear Terms for Lease Extension 2",
        "description": "Risk of not being offered a lease extension under the same or reasonable terms."
        },
        {
        "risk": "Unclear Move-Out Requirements 2",
        "description": "Vague move-out instructions, leading to disputes over cleaning or property condition."
        },
        {
        "risk": "Eviction for Minor Violations 2",
        "description": "Risk of eviction for minor or unclear violations of the lease agreement."
        },
        {
        "risk": "Unfair Clause Waivers 2",
        "description": "Tenant unknowingly waiving important rights (e.g., privacy or tenant protection laws)."
        },
        {
        "risk": "Vague Policies on Property Alterations 2",
        "description": "Unclear rules for making changes or improvements to the property, leading to penalties."
        },
        {
        "risk": "Inadequate Safety Measures 2",
        "description": "Lack of smoke detectors, fire exits, or other safety precautions in the property."
        },
        {
        "risk": "Unclear Pet Policy Updates 2",
        "description": "Changes to the pet policy after the tenant moves in, leading to additional fees or restrictions."
        },
        {
        "risk": "Landlord’s Right to Sell the Property 2",
        "description": "Risk of being asked to vacate early due to the landlord selling the property."
        },
        {
        "risk": "Unclear Policy for Lost or Damaged Keys 2",
        "description": "Vague or unreasonable charges for replacing lost or damaged keys."
        },
        {
        "risk": "Risk of Rent Control Violation 2",
        "description": "The lease not adhering to local rent control laws, leading to potential disputes."
        },
        {
        "risk": "No Clear Pest Control Responsibility 2",
        "description": "Unclear who is responsible for pest control and its costs."
        },
        {
        "risk": "Unfair Early Termination Fees 2",
        "description": "Unreasonably high penalties for terminating the lease early."
        },
        {
        "risk": "Unclear Terms on Storage Use 2",
        "description": "Risk of being held responsible for damage to storage units or shared storage areas."
        },
        {
        "risk": "No Defined Protocol for Property Inspections 2",
        "description": "No clear process for how and when property inspections will occur."
        },
        {
        "risk": "Vague Rules for Visitors or Short-Term Rentals 2",
        "description": "Unclear or unfair restrictions on visitors or the ability to sublease via platforms like Airbnb."
        },
        {
        "risk": "Unclear Move-In Inspection Process 2",
        "description": "Lack of formal move-in inspection leading to disputes over property condition later."
        },
        {
        "risk": "Penalty for Unauthorized Vehicle Parking 2",
        "description": "Tenant penalized for parking unauthorized vehicles on the premises."
        },
        {
        "risk": "Unclear Landscaping Responsibilities 2",
        "description": "Ambiguity around tenant responsibility for maintaining outdoor areas, such as gardens or lawns."
        },
        {
        "risk": "Absence of a Right to Sublease 2",
        "description": "No provisions allowing the tenant to sublease the unit under any circumstances."
        },
        {
        "risk": "Ambiguity Around Rent Discounts 2",
        "description": "Unclear conditions under which rent discounts (e.g., for early payment) are applied or revoked."
        },
        {
        "risk": "Limited Access to Outdoor Spaces 2",
        "description": "Restrictions on the tenant’s ability to use common outdoor spaces like patios or balconies."
        },
        {
        "risk": "Increased Insurance Requirements 2",
        "description": "Tenant is required to increase their renter’s insurance coverage mid-lease."
        },
        {
        "risk": "Failure to Reimburse Utility Overcharges 2",
        "description": "No recourse for the tenant if they are overcharged for utilities."
        },
        {
        "risk": "Unclear Tenant Relocation Rights 2",
        "description": "Tenant’s rights to be relocated within the building during renovations are unclear."
        },
        {
        "risk": "No Right to Quiet Enjoyment 2",
        "description": "The lease lacks a clause guaranteeing the tenant’s right to quiet enjoyment of the property."
        },
        {
        "risk": "Unclear Smoking Policy 2",
        "description": "Lack of clarity on smoking rules, leading to possible violations or fines."
        },
        {
        "risk": "Unfair Lockout Clauses 2",
        "description": "Risk of being locked out of the property due to minor infractions or misunderstandings."
        },
        {
        "risk": "Restricted Pet Access 2",
        "description": "Pets are allowed but restricted from certain areas (e.g., patios, shared spaces) without clear reasoning."
        },
        {
        "risk": "Unclear Rent Proration 2",
        "description": "Inadequate explanation of how rent will be prorated if the tenant moves in or out mid-month."
        },
        {
        "risk": "Ambiguous Rules on Business Activities 2",
        "description": "Unclear restrictions on running a business from the rental property."
        }
    ]
    }
  